,2MASS,KIC,Gaia_DR1,RA,Dec,umag,gmag,rmag,imag,zmag,Jmag,Hmag,Kmag,kepmag,pmRA,pmDec,phot_g_mean_mag,Unnamed: 0,ID,Numax,Numax_err,Dnu_median_all,Dnu_median_all_err,Dnu_lin_all,Dnu_lin_all_err,Dnu_median,Dnu_median_err,Dnu_lin_m,Dnu_lin_m_err,q0,q1,q2,d02,d02_err,lw,lw_err,Amax,Aw,Ah,Amax_err,Aw_err,Ah_err,Amax2,Aw2,Ah2,Amax2_err,Aw2_err,Ah2_err,numax_fit,numax_fit_err
0,2MASS J19201973+3746549,2435987,2.05129122397789e+18,290.08221000000003,37.781940000000006,,15.698,14.517000000000001,14.084000000000001,13.764000000000001,12.512,11.862,11.704,14.568,0.0,0.0,14.395,2.0,2435987.0,36.81361512870068,2.234592585219373,4.247358788055674,0.023328114461856186,4.211273369276045,0.009127217871092892,4.169966989951899,0.013200850836517874,4.138878504144553,0.007000559029460963,0.032738797225559724,3.9814907473619847,25.55789579699037,0.5943563375789118,0.09281128530265087,-2.5004778344234406,0.7774400491327639,35.287176367324804,6.544031440349473,-11563429.602508245,0.9350800768709822,2.2684405998894,2373372.4829652086,36.17720970853816,7.730801539308794,-6384668.8196065985,0.8306203106054799,0.9557293177785712,5994093.892242713,37.87431652553625,0.24231869828948982
1,2MASS J19202354+3751229,2568916,2.05129167065471e+18,290.09811,37.856361,,15.155999999999999,14.069,13.677,13.405,12.222999999999999,11.63,11.497,14.120999999999999,-1.1,0.2,13.957,,,0.4,,,,,,,,,,,,,,,,,,,,,,,,,,,,,0.3949088558833136,0.040019111152053734
2,2MASS J19203005+3750191,2569055,2.051297271292e+18,290.12521,37.838661,19.243,15.292,14.140999999999998,13.745999999999999,13.47,12.269,11.651,11.482999999999999,14.21,2.8,4.2,14.054,51.0,2569055.0,30.141183702069497,1.6421664192138652,3.7517847971576885,0.021999122708352397,3.7462737273390547,0.01390298319396809,3.6814823611143295,0.03633702229304113,3.7367078922074515,0.017339049443495867,0.040295762403489435,3.504863238928934,22.098278209361677,0.5599862205299146,0.06926442606463881,-1.8760161386497207,0.5612485315793699,30.469994257621288,8.250956509189745,10918628.305017801,1.3599333261752984,1.4183511626637946,2536519.92842525,30.5154566036079,4.371823319106519,-14735382.00561948,1.2257990911516294,1.7292572959842356,8171089.57808477,30.45958780887376,0.4751339877930003
3,2MASS J19203485+3746298,2436417,2.05128806288199e+18,290.14522999999997,37.774971,,15.245999999999999,14.078,13.681,13.405,12.232999999999999,11.569,11.397,14.151,-1.1,-3.8,13.977,6.0,2436417.0,26.531257711810063,0.5468808355169756,3.415862409351038,0.025283303993192868,3.402108179329006,0.00992160019216711,3.4007086783569167,0.024458679314279263,3.353858760047774,0.008090734108051958,0.029941601157199373,3.2514240580182734,20.23339838764433,0.4874515174427642,0.07232027248418728,-2.21352534338933,0.7408028137964249,26.385192278795863,4.856119909137608,27547164.023743477,0.6040034715926724,1.1194803463905092,14979993.115667827,27.361087742997658,3.8322160390134012,28618077.965446085,0.5612381996814131,0.9136220281770774,17611858.041461933,27.492186892196088,0.2963588361673535
4,2MASS J19203934+3748048,2569360,2.05129404147649e+18,290.16393999999997,37.801338,,15.390999999999998,14.104000000000001,13.62,13.299000000000001,12.035,11.323,11.164000000000001,14.151,0.0,0.0,13.956,52.0,2569360.0,20.8334835343876,0.9119514774856852,2.7629011475690732,0.01449571816041137,2.7426225236835258,0.006042648757529552,2.716026181859164,0.015320745338423812,2.678157027021931,0.004925339789133817,0.02185585364998196,2.5898089883481106,13.702306691383855,0.4003005731838023,0.07664857743375895,-2.5511996693277323,0.8797001989592401,20.685564191609252,4.221890292644701,-142769532.9814326,0.7051448846468513,1.4931202662582117,44955449.27489456,20.891178737070852,4.4480733901139695,49265898.53150863,1.1568255416321396,1.1886690345330064,101228037.24139516,21.4981561683556,0.2092724593061269
5,2MASS J19204557+3739509,2297384,2.05109870636784e+18,290.18987999999996,37.664139,,15.365,14.193,13.800999999999998,13.517999999999999,12.317,11.695,11.537,14.27,1.8,4.0,14.075999999999999,0.0,2297384.0,30.252909830680707,0.29464393214089885,3.754598562744985,0.03756245910830682,3.762600287457813,0.008519431308909947,3.664131275814388,0.02526081398339901,3.689503988578404,0.011511311824969431,0.043391540665663066,3.5465238224982594,22.40683800368885,0.5426680321110453,0.08499099707197642,-1.7582078705100783,0.46697666654055603,29.01163316896669,6.889277789000347,20209356.131095316,0.9042289173097976,0.9073329550342892,18359199.251907725,29.256803449079186,4.9007717837311535,29706182.27922492,0.7176708160908205,0.9855241354890736,7037609.638312712,30.587723262814457,0.3328926231727964
6,2MASS J19204635+3750228,2569624,2.05129421327382e+18,290.19315,37.839687,,,,,,10.475999999999999,9.705,9.468,,0.0,0.0,12.804,,,,,,,,,,,,,,,,,,,,,,,,,,,,,,,,0.0,0.0
7,2MASS J19204971+3743426,2437171,2.05128699774287e+18,290.20715,37.728519,18.445999999999998,14.855,13.319,11.630999999999998,10.725999999999999,9.041,8.166,7.815,12.597999999999999,-5.4,1.5,12.17,,,0.8,,,,,,,,,,,,,,,,,,,,,,,,,,,,,1.007137247458961,0.17598760114394074
8,2MASS J19205287+3745331,2437353,2.05129290760398e+18,290.22033999999996,37.759209000000006,19.396,15.23,14.116,13.732000000000001,13.488,12.279000000000002,11.669,11.512,14.181,0.0,0.0,14.017000000000001,25.0,2437353.0,31.105151590757465,0.6384742574564566,3.809805179164785,0.02781280532084868,3.8193420083058567,0.009131451496069832,3.7614663380707833,0.027638987917024252,3.8028307611060215,0.012685935859813409,0.026257130631862826,3.6601662922663336,22.655232696028662,0.5728772090625327,0.08419630900440613,-1.8599731127862624,0.6144373655939881,30.550070424483035,6.221267736459332,-16137897.491613155,0.7503960578073013,1.5191288243640482,3361365.8947212994,30.82960093011577,5.9330196236248565,-10054317.934337698,1.3706764287547406,1.6636267636596098,9271543.061156437,31.664207332971618,0.35363750831803187
9,2MASS J19205338+3748282,2569935,2.05129331992066e+18,290.22244,37.807831,19.032,14.545,13.147,12.502,12.100999999999999,10.731,9.961,9.769,13.115,-11.7,-0.5,12.91,54.0,2569935.0,6.122419537010452,0.7662134062751148,0.9990381841822041,0.01316565607889836,0.9916849340990496,0.0046290279948662475,0.9953630414754162,0.011800128003264687,0.9833102542564868,0.003636975100592401,0.01008999651048437,0.9511907178365971,3.702220969161466,0.1631242460797031,0.02534675155458933,-2.9518668743520124,0.6596952707606517,4.537337355829432,1.2885078356579318,-21793346512.306908,0.4022593665599162,0.7223630559457493,20936220323.920033,5.093462066137485,1.902346968015772,14429862164.908726,0.5939811347499784,0.7049279487930571,4613128147.833982,5.456744115847703,0.20880728387913502
10,2MASS J19205368+3750236,2569945,2.05129452251294e+18,290.22369,37.839909000000006,19.415,15.274000000000001,14.145999999999999,13.762,13.498,12.298,11.695,11.548,14.215,16.4,20.6,14.048,55.0,2569945.0,30.954421069968195,0.1199979750692993,3.7007960021358777,0.032923504909834714,3.7632072533881047,0.008283613057400321,3.6940402818433498,0.021464728121824157,3.7344689783639513,0.006225746106675887,0.0263654458054288,3.5797998008737046,19.003341512360986,0.6016673332201936,0.10625062340601303,-2.1180266661453504,0.8931204564935901,28.547251784098115,6.0536742613780135,17131670.016978066,1.0258476045017335,1.4981138404011256,8391135.07955061,30.602379640345458,7.179033624230387,15892161.816535713,1.0315690690137758,1.0861152280264277,2766332.9517734065,30.839563062827587,0.4198291194850247
11,2MASS J19205510+3747162,2437496,2.05129311376223e+18,290.22958,37.787849,19.043,14.693,13.234000000000002,12.458,12.008,10.589,9.843,9.587,13.129000000000001,-4.9,-34.3,12.905,30.0,2437496.0,5.6371362842243125,0.8305282896083949,0.8560033913687257,0.018513751314638626,0.8519590136691527,0.007083181165392216,0.854108679805897,0.018373521341942728,0.8515377631573768,0.0069906200680018024,0.01925893400415968,0.7940847482062918,3.990198212092914,0.1380497299668133,0.009846134315366177,-2.732013954321425,0.39306624167140297,3.3338014724850678,1.352452743551594,38909686659.24454,0.554202183643574,0.5167477706750934,31635597624.250664,4.832036356510571,0.8127729765130868,36502230366.37793,0.16441363030425185,0.21430918150502354,14956069852.803543,4.449431694464037,0.10194250455144362
12,2MASS J19205530+3743152,2437507,2.05110513163898e+18,290.23044,37.720901,,15.325999999999999,14.045,13.556,13.232000000000001,11.945,11.269,11.087,14.087,7.9,0.3,13.892000000000001,31.0,2437507.0,19.728395766537247,0.3164122544267717,2.643750264303149,0.012700175318188421,2.608871220925288,0.006694528558451414,2.575322530451565,0.012224371971885766,2.5440892712582857,0.0043359416236812155,0.033609065167960285,2.440645592242001,15.494349105771215,0.3704905882868612,0.021785880238994002,-2.7911444015253486,0.8040778450167063,20.091681168498567,2.9254342841212715,-216540800.7348833,0.3639294003270592,0.6447963576491914,61375724.93859837,20.40454074584888,3.2886936978691743,89576603.76170571,0.4309593001911013,0.7862803608151416,155120157.12948322,20.624277441585463,0.18823283969557264
13,2MASS J19205629+3744334,2437564,2.05110523471821e+18,290.23458999999997,37.742619,,15.375,14.208,13.815,13.540999999999999,12.311,11.727,11.555,14.283,-3.4,-1.0,14.097999999999999,32.0,2437564.0,31.377424219893346,1.5502063239901618,3.8531870119090543,0.02037477361399392,3.864538140278748,0.01118050970370136,3.742312640747105,0.02946171734918005,3.770038810981801,0.012739708543386349,0.0353011598662439,3.652874075759565,22.79044197527209,0.5495848037609719,0.09547538317671196,-2.1207420506452914,0.5050524832949648,29.527857600539104,7.754791356115388,-18359211.773937635,1.466107438431811,2.2860205669175646,3389671.75397884,31.172414356552338,6.739483735500258,-12310308.755784327,1.2935233415992702,1.2601018540474431,33788492.848599665,32.3386770178705,0.299447131142518
14,2MASS J19210052+3750188,2570214,2.05129383531818e+18,290.2522,37.838558,19.506,15.195,14.078,13.689,13.427,12.242,11.644,11.493,14.140999999999998,-0.7,-0.2,13.994000000000002,,,30.0,,,,,,,,,,,,,,,,,,,,,,,,,,,,,29.270028410998258,0.3514868008246019
15,2MASS J19210086+3745339,2437804,2.05110533779511e+18,290.25357,37.759418,19.563,15.273,14.088,13.68,13.402000000000001,12.159,11.554,11.382,14.158,0.0,0.0,13.98,37.0,2437804.0,26.30345873611353,1.6927475711697657,3.3633313122376443,0.020973811319116138,3.3001628821505613,0.006609592659074114,3.371344016801917,0.018274012177144663,3.3046180051119465,0.009635185792828084,0.038401596042113136,3.1084059041798007,16.66421212338793,0.458415180063998,0.06326331096118783,-2.2215972566311715,0.4555184739531971,24.57895866128986,6.68393977132058,43832312.492373735,0.7653174988412862,1.5203204496690126,8018470.162770173,26.782145694616357,7.613133227012107,26067970.17544674,1.9021685192091544,1.8477761247837257,5596241.73621107,26.33974635314686,0.3307166154313309
16,2MASS J19210112+3742134,2437816,2.05110485676105e+18,290.25467000000003,37.703732,,15.249,13.95,13.436,13.113,11.82,11.13,10.937999999999999,13.98,25.6,6.1,13.806,39.0,2437816.0,17.082546067554198,0.6154179219087622,2.356818600367861,0.014169021716431756,2.3369660513805384,0.008036095986952978,2.316899056850575,0.009993680849716477,2.306719586353551,0.0035090709003588287,0.0235979253020117,2.1959572139536307,11.661436659470846,0.3460603944804159,0.05343490650142258,-3.3939129978967344,0.7060786313601075,17.009964787013143,3.1028766588314487,-345367810.46041536,0.5711411791620304,0.9858254484172708,102074893.11257064,18.711027376399635,3.801516738552348,158313769.0235458,0.5682606688957594,1.1361300191270067,32260417.05088234,17.97833292825771,0.14860114869958801
17,2MASS J19210426+3747187,2437965,2.05110575011432e+18,290.26779,37.788540000000005,19.081,14.683,13.308,12.732000000000001,12.377,11.013,10.31,10.102,13.317,1.6,4.2,13.104000000000001,42.0,2437965.0,7.682209994441703,0.2405161066623303,1.225616248204164,0.017542022280947967,1.235114353221077,0.007266985977339187,1.2546039700928646,0.016141179257388536,1.2348030486204875,0.004728105608355653,0.006510052926324857,1.2095282406974603,4.854016940381282,0.21010096596025465,0.03469069391003661,-3.029411793036195,0.6594634419946088,6.210428926772583,2.9162699468698086,7288039265.509513,1.00507575771943,1.1734318392683585,2288800379.3988013,6.3589471414418295,1.4345591761437235,5580372315.394586,0.5344548671533964,0.939351635861302,5668327746.7794895,6.856589148763237,0.419771061533945
18,2MASS J19210483+3741036,2297825,2.05110410084678e+18,290.27013999999997,37.684349,,15.374,14.216,13.812999999999999,13.549000000000001,12.314,11.704,11.561,14.280999999999999,-4.7,10.9,14.109000000000002,1.0,2297825.0,30.82468872757029,0.7906133377220605,3.763750624105095,0.029086749854491268,3.787700935822615,0.010415413543111944,3.735923281462968,0.020791163433012728,3.7271966748712457,0.009284500914168093,0.03899626435827962,3.591949390560376,22.592722848599248,0.5829330526170917,0.09806672661806166,-1.866203582881935,0.6526293014661741,28.710213975652927,6.570742920208054,-19875265.752008494,0.7939177816734683,1.153204358669388,6750205.001854668,29.911108952707853,5.956421120721076,17697320.85579682,0.7870380799019975,0.7731450222692156,4834895.597760549,30.341495075124573,0.3972613290237335
19,2MASS J19210629+3744596,2438051,2.05110509727927e+18,290.27625,37.749908000000005,19.157,15.2,14.091,13.704,13.454,12.259,11.645999999999999,11.499,14.152999999999999,-6.0,-6.0,13.958,47.0,2438051.0,30.30473897257925,0.10666902573518244,3.6677478642861514,0.03322960003706337,3.674573283879188,0.006028747200731628,3.626733434337277,0.01910156090529664,3.5846000466014187,0.019429147688435486,0.03756473638316332,3.4117098584623884,18.426332005407204,0.5489135213304763,0.0910455930847964,-2.009910686913326,0.641802447477139,28.465050639583158,5.3917427905213025,-20140164.93857628,1.2013955071035634,2.09293536102082,5892234.575627333,27.4995849548921,4.854767106898733,7580333.122710029,3.8583155658469033,4.589557102967667,5390223.461488976,30.391464702023697,0.6903563986053819
20,2MASS J19211007+3750008,2570518,2.05129359479999e+18,290.29196,37.83358,20.000999999999998,15.809000000000001,14.668,14.25,13.97,12.777999999999999,12.112,11.967,14.718,5.1,-2.5,14.552999999999999,61.0,2570518.0,46.15138287420586,1.4635002932231411,4.935305165571117,0.012974362986290514,4.893079557788363,0.010804183584335016,4.923202129353283,0.010797611750822628,4.826875474894162,0.007811458730456356,0.03315379504431167,4.695449030285264,30.35606381827921,0.6749773311159117,0.05963488562276116,-2.5927181358637483,0.7423589059310167,44.919318281982605,6.286423072990009,5925794.875309689,0.5705322089089873,1.88312158668726,1949392.8397611643,44.88767173931198,6.7020343425650974,3737792.3147420473,1.041682591243802,1.5068945730981949,796051.6752227542,46.80255073895504,0.26867304991346236
21,2MASS J19211606+3746462,2438421,2.05110561268411e+18,290.31692999999996,37.779517999999996,18.045,14.585999999999999,13.067,11.443,10.569,8.913,8.052999999999999,7.7139999999999995,12.385,4.1,2.6,12.026,,,0.5,,,,,,,,,,,,,,,,,,,,,,,,,,,,,0.6393695476229033,0.07233096522788517
22,2MASS J19213390+3750202,2571093,2.05110760554918e+18,290.39127,37.838951,,14.487,13.074000000000002,11.97,11.35,9.891,9.052999999999999,8.798,12.725,0.7,5.0,12.499,,,2.1,,,,,,,,,,,,,,,,,,,,,,,,,,,,,1.8950628123643671,0.11356242723803135
23,,2436097,,,,,,,,,,,,,,,,3.0,2436097.0,41.837229792279466,1.939067534099168,4.510901636753276,0.0207199809038615,4.49663617524687,0.01590244377386964,4.459079981901741,0.017871760085374746,4.442677562185118,0.014862455347196631,0.016323051032409375,4.398016218451852,31.8850598733812,0.6331148628215857,0.09351486066361836,-1.952248449841632,0.7739685005786693,38.38154023723639,7.354302858936426,-6438754.875146778,1.0988160256749269,2.7127619210583607,1382389.7155808734,39.16348430127589,7.778384259704322,-4111325.147575008,1.1712263554279905,1.9184818812183742,937202.0437884448,0.0,0.0
24,,2436209,,,,,,,,,,,,,,,,4.0,2436209.0,56.294819947525426,2.730466455376755,5.778232338115256,0.04324249967267886,5.764464781043848,0.015925898711656183,5.60083480231452,0.025622638007708254,5.581985085433412,0.007800083708104273,0.04719395006601442,5.43574747078013,40.966966001200674,0.7769272353471308,0.13727890145083152,-2.0295583261727126,0.4898379508829889,51.798666291797275,12.1509582889026,-1395809.3473488777,1.631718350654026,2.2098960388126887,204520.20267199518,55.16377134576202,6.3879168328235485,-1702657.5934462762,1.200326850354534,5.944916258042094,513599.59734552924,0.0,0.0
25,,2436332,,,,,,,,,,,,,,,,5.0,2436332.0,27.805222121985725,1.0565300053741098,3.339199041737928,0.0292707333697766,3.3349842202095537,0.007465686172796573,3.3499518162321533,0.020330212434663264,3.3541183628784417,0.008116760941893316,0.02488392385376477,3.1615612874673147,17.19969052533571,0.4713392289188612,0.07117864689962071,-2.5734375868217905,0.8675333735417674,27.95216463126421,4.4423948987737285,42639125.72644508,0.6319065054392979,0.9185636507941676,10593271.02806414,26.804757340150505,4.776274557192251,27510509.58116866,0.7979400898134537,1.1058077587994162,11106396.656063523,0.0,0.0
26,,2436458,,,,,,,,,,,,,,,,7.0,2436458.0,36.55103390232165,1.590508686006939,4.1858614376766745,0.03490316993890321,4.138716468241117,0.012858058454695624,4.092468285124486,0.01344224124656792,4.068553293626999,0.004841584615660157,0.03422209036755014,3.9676208083096687,29.205939621902772,0.5712230224154418,0.029005723991927832,-2.717533448374538,0.980226753691158,34.83021817425467,6.675832093920821,-15679794.201413918,0.9566756583765558,1.4869687625848478,3767438.6776985433,35.15466679335,6.926717752109551,-9128332.2951467,1.1866771671983158,1.545023729807825,6336314.1759045925,0.0,0.0
27,,2436540,,,,,,,,,,,,,,,,8.0,2436540.0,56.93852669581711,0.35777121820586033,5.794666851628883,0.03376375026261706,5.7468118524530585,0.007108375828154804,5.748904650272298,0.02280215334026855,5.752546491296114,0.00800014578697107,0.0370856173874005,5.486424224590605,35.89467179809712,0.7834422123948137,0.11503685613988593,-2.3903153766638896,0.5754992676922893,55.381088284877244,9.921537340440967,1055455.633290882,1.288913608071376,1.9908359400252276,179015.30369210773,53.20515257311105,9.155918449830814,915899.5893592524,1.6395186002758513,2.134278667754427,223992.51314919192,0.0,0.0
28,,2436593,,,,,,,,,,,,,,,,9.0,2436593.0,97.11979828152558,18.056367751145086,9.665436431344958,0.028055467283891425,9.828673448686516,0.04273261618141424,9.626227001784713,0.02224249113155995,9.579309714972158,0.04336758812073432,0.15278315119987138,9.061849360252765,89.36339667740293,1.4009649993126772,0.17781059934658397,-2.1674642216355102,0.5036374703257536,102.90894833737237,11.025497507484104,-4985.252581269917,3.80517453926576,5.388571403678551,7424.027930209483,107.52021398911316,11.055685449026617,-5906.817969229942,3.5427697773422127,4.411934896524665,3213.996011219564,0.0,0.0
29,,2436676,,,,,,,,,,,,,,,,10.0,2436676.0,133.37752291016022,16.106736283196053,11.280137808482936,0.03545291722826007,11.161525700057283,0.0472000102308835,11.287230764271861,0.021903643058033783,11.30886520525699,0.054720255673540455,0.10651191052337723,10.62779878374646,105.58557042678468,1.4541986121825945,0.21090222560514227,-2.3650175264372884,0.6098669306249693,131.47197984202512,8.843908272476538,2485.1890855935503,1.7403943557822623,3.2287797384197092,3686.029453925412,130.29534881936547,10.915542699683487,1751.1122423250913,4.074182226816616,5.764377305779447,2504.3339151105647,0.0,0.0
30,,2436688,,,,,,,,,,,,,,,,11.0,2436688.0,76.40465513208221,1.6968196214314943,7.2201398333866385,0.03673123727238669,7.225798594191882,0.01923385652588532,7.1862430865500855,0.017614688195886668,7.132563124424378,0.012858845355903056,0.04242520321363709,6.928623084351442,52.29034798490033,0.9610039532269354,0.1656119231745076,-2.266280935377603,0.5543283858321852,73.27590776434806,10.718959728265997,-314297.2056505904,1.2136390996868929,2.112645398220105,155468.98494739126,73.72796747092042,12.228460929059155,224829.84776250055,1.9628162755032958,1.9503712590148807,49332.72372635594,0.0,0.0
31,,2436732,,,,,,,,,,,,,,,,12.0,2436732.0,30.158543439290515,1.6528163958028563,3.608799033277896,0.026895869747642787,3.6543688983329896,0.005367454434720849,3.6064594863567407,0.02220305864313785,3.6066532024997886,0.005499820606223053,0.027243184809535914,3.4633386143951643,18.33681423789438,0.5668048515671309,0.10416892581126788,-2.494166748512301,0.6290837489746615,27.628163413064502,7.64568661857192,12898417.582499832,1.0745211638670005,1.5360269670930196,7836684.011938851,30.58953151321077,3.4999188176533216,12677857.644526213,1.4410746977716171,3.0401019265109506,4737152.935207949,0.0,0.0
32,,2436759,,,,,,,,,,,,,,,,13.0,2436759.0,31.928282301615113,2.9946011199890767,3.7362169691725775,0.04775856482604412,3.720174437482645,0.01358584103080475,3.750227161769821,0.04957627347469296,3.7445569212875274,0.014941596314540463,0.040600487068786086,3.5165145112199414,22.171246851844217,0.5349057745199861,0.07068228845892648,-1.8472970247064548,0.7590015148073458,30.37348457328401,6.7984631729915685,31720075.718457706,1.6271488563083527,2.1500145576157923,9378011.176147627,27.47955621469685,2.1588007762995565,-22797873.11555468,2.7125919437853656,5.681412923692028,54161982.99484015,0.0,0.0
33,,2436814,,,,,,,,,,,,,,,,14.0,2436814.0,24.63882826405829,1.0990223176113518,3.080280611891917,0.013307809838379536,3.0898722866354893,0.008032705049745063,3.0736307227769157,0.009787371931260908,3.039504029266073,0.014838814599588409,0.031029006539724187,2.873531565359041,15.780182713601498,0.4514416374242423,0.0611643986185683,-2.6575781070973843,0.9631333581039154,24.272669886993643,3.5951956092647963,56462978.90015031,0.5255331820078261,0.8644318666834792,19163519.724624712,24.050318865649327,4.4961538032164565,-28325302.499009706,0.5892618372462647,1.1286176564934345,85113378.27137664,0.0,0.0
34,,2436818,,,,,,,,,,,,,,,,15.0,2436818.0,98.71819106660378,8.3982890199496,8.750652784813475,0.02995242897977954,8.702910061596382,0.0197803107321667,8.75604826141911,0.034673314125618616,8.611871642923505,0.009645288076189026,0.07853020845382724,8.150680784431206,64.51788395229637,1.1461968921037309,0.2031583959043345,-2.060979198167645,0.4012263165371067,85.98910971357991,22.550758247919784,24793.026187816144,5.326537811126912,6.165756700108245,9405.011669773916,91.16059197895336,9.73070616917617,40903.26688623546,2.8128530762503767,5.14947327561305,16025.73023401568,0.0,0.0
35,,2436824,,,,,,,,,,,,,,,,16.0,2436824.0,33.10632838577082,1.0759607398200517,3.899440200531915,0.031034863025267614,3.947793622078813,0.01258282050847838,3.8155062333412277,0.014880067061948169,3.814962851513399,0.017866378820971182,0.036303822225136624,3.695021365219216,26.94090930217859,0.5731404763279144,0.12462574659582888,-1.9400550692642424,0.6804843481811047,33.50172522771611,3.973073931357426,-28523544.23450093,0.5489240972537113,0.8106638509224544,8008566.549261309,33.398768284058924,4.22232531313953,-14813235.2745058,0.4740745154813713,0.9838517768985552,4306511.144903326,0.0,0.0
36,,2436900,,,,,,,,,,,,,,,,17.0,2436900.0,34.67642691709119,0.6234081255838704,4.035397380267393,0.01938453650395197,4.014244044140208,0.00635595353320308,3.9931340028385303,0.01741027342869899,3.98702550919806,0.005786971634156416,0.02809628582670741,3.8454583896193903,24.568483749898824,0.5795701896010002,0.05428477875634183,-2.642261670673742,1.0040430907735058,32.924377565579725,5.694665486642243,-18478894.363163,0.8267009961101675,2.3698324600955143,3585381.980240405,34.57962176359812,6.480510445867922,10365623.12326502,0.999820154806306,1.2194968124390255,2534930.203306288,0.0,0.0
37,,2436912,,,,,,,,,,,,,,,,18.0,2436912.0,29.752400423659672,0.3056972303370735,3.7083421200309674,0.02584192832785813,3.724499476978588,0.012854656134872787,3.6976087306499017,0.021265731793614063,3.683167668279888,0.019395600168352786,0.029595258607510142,3.57756394229824,22.282651552675556,0.5077639436777197,0.04650381334122622,-1.8889171917922267,0.6423237473356985,28.98593484521659,5.371984683338214,-26360325.17581145,0.6160661899672362,1.0677433879750131,10929728.094012983,29.92712681993061,5.511609160754652,11941512.67430744,1.1306820397027022,1.2083079485280357,3215002.4362608907,0.0,0.0
38,,2437040,,,,,,,,,,,,,,,,19.0,2437040.0,24.53424750990498,0.3681705767209253,3.0469418986897283,0.011651557770177855,3.0190289844717433,0.006764974813334539,3.046431032572391,0.009232591890990792,2.9842126953178134,0.00402070618025671,0.018950809285045358,2.8857351687622166,15.462711344618864,0.4224837460661135,0.08496724314092115,-2.8463116344503496,0.9439946636441514,24.270607262477302,4.843789435486829,58526042.91616447,0.6364262237147658,1.054070917828023,21892402.50839538,24.716721888589138,4.810064828855371,40538342.06275953,0.9856080209923316,1.17952891732301,10106216.739994306,0.0,0.0
39,,2437103,,,,,,,,,,,,,,,,20.0,2437103.0,28.227324135423075,1.592907632109856,3.751838145207838,0.036938033409499985,3.7483480775191746,0.009120749374849215,3.723187584937188,0.02594651352064356,3.6935797788070666,0.010011027816301105,0.023357576888970125,3.5850369380584155,18.510368053046047,0.5992199421151518,0.1213396626126658,-2.2469356949561026,0.5738187766547085,27.836816672996587,7.242796272087617,-13095069.722072262,0.8738518792751626,0.9703310338303172,2469234.116863036,26.59183163439411,2.814743407245155,-22694113.161888476,0.5545529337466178,3.2215817409537757,8018738.476088293,0.0,0.0
40,,2437240,,,,,,,,,,,,,,,,21.0,2437240.0,45.1640026945257,0.7066585517932944,4.829520824886366,0.031048506320557032,4.798908851872055,0.01054374091796318,4.780562147667262,0.016481249422371606,4.728179732855047,0.005475368777418425,0.03638853019422531,4.544572472007267,29.76195789455661,0.6661868330208627,0.09638169182951928,-2.3515813336979914,0.8909794212938864,43.48220754297435,8.845139906090193,4263213.615680778,0.92153715967813,1.4287630599930194,958542.2588702184,42.294415706897844,6.699657213689753,-3298770.8024862064,1.062273239466743,1.4350332140738613,9479507.050771583,0.0,0.0
41,,2437270,,,,,,,,,,,,,,,,22.0,2437270.0,68.16431534595124,4.0959479223427975,6.496617308779263,0.024603023450375173,6.536972875762659,0.023757722869275768,6.497192690403033,0.014211897585774609,6.493089498750222,0.012486572165196677,0.024123059159105613,6.367248782458607,52.99386343475658,0.913327255327637,0.19405893612682526,-1.8561732320605988,0.7437254066518755,66.40670173393183,11.12505116169595,-490070.90375503036,2.229823384466717,2.1096691548049353,118039.43695799005,65.25632825794241,10.288529753597224,-466009.1906921953,1.6730975746056425,4.341601336130535,174635.58017335553,0.0,0.0
42,,2437325,,,,,,,,,,,,,,,,23.0,2437325.0,93.86276934448412,2.578494273459355,8.450342781132377,0.02305752973560929,8.365106957848651,0.021310838978968204,8.449426946770691,0.022627019555831438,8.461058980417219,0.011714725320021652,0.100116617268599,7.664933800721693,62.670823668431595,1.139051533952269,0.18201053972952316,-2.4054643923850074,0.5742884860496643,89.40560346796991,11.245632688231623,143764.27825949033,2.3115298213272415,4.020937780659951,43599.41808528027,90.39788429693948,8.304110951023885,156153.31946986448,2.8811432510569106,6.27412266406011,60889.35239527669,0.0,0.0
43,,2437340,,,,,,,,,,,,,,,,24.0,2437340.0,8.139012136900822,0.4600220741827984,1.3634312080250146,0.007182011848877215,1.3585669351840974,0.0072725970429189735,1.339124046060622,0.012515207524798216,1.3405522640616736,0.00808796544309422,0.01732674900952911,1.2889289905566206,6.4494229970290675,0.20202695034829787,0.015979757725059274,-3.167682520377707,0.5721581790379774,8.01979335924089,1.2316027643306553,-4335979360.892286,0.20845653940888828,0.3423503923820803,3622538792.530464,7.878079720874879,2.1420159520563438,3522156035.4294047,0.503120122098452,0.7825799189015703,1400970268.9547858,0.0,0.0
44,,2437394,,,,,,,,,,,,,,,,26.0,2437394.0,160.85036906771444,18.8447998935782,12.886457228286414,0.018591767726631656,12.874093310307504,0.04714753749505996,12.8032990840895,0.03024213767874568,12.762941875759125,0.035967477480462993,0.1092772793485298,12.436875343298494,133.76022167551045,1.7059503009054424,0.1732773376096317,-2.3323085132745733,0.7794447160285212,150.27076281898854,21.232207875276565,705.650872607994,7.290421502792244,11.577384125553547,386.04723454229037,157.3837615946644,13.46414662102226,483.1983411322743,11.389039512478881,9.690794555931378,1330.2027940103885,0.0,0.0
45,,2437402,,,,,,,,,,,,,,,,27.0,2437402.0,44.9360162986035,0.4004130188281017,4.834449901264658,0.01292049400104595,4.826657625453498,0.00717133594407667,4.778087743893991,0.01841789591940553,4.704516773709033,0.006238945174477313,0.04576565764588244,4.5525774769298115,34.137971475492094,0.6911396713884841,0.060676718169959384,-2.2906678686490705,0.5697257612465508,41.97610585422309,7.726733042799929,-4594077.652874313,0.9247799281053574,2.321248192115488,687077.5801190997,42.15394143028957,11.259554364166679,-2044130.117197788,2.299331769344491,3.4999884796181298,1056451.448911761,0.0,0.0
46,,2437444,,,,,,,,,,,,,,,,28.0,2437444.0,18.29605892290741,1.4234151786978102,2.4238246250559436,0.011191163846241057,2.4355903370260448,0.006096304483614211,2.4196907192219363,0.015048761876034366,2.406282601922449,0.005574363339661864,0.02386759291276917,2.2923510264133853,12.244571284227794,0.3438898708613678,0.045792550494230866,-3.6450767580628654,1.0637787615924963,18.563915946462394,2.401394383242984,-178305102.80608356,0.4620971627151208,0.5653517726886674,100462882.3667408,18.088810469279515,3.697440247846144,44100902.61701368,1.004014315112067,1.1986333554343032,130552632.48648477,0.0,0.0
47,,2437488,,,,,,,,,,,,,,,,29.0,2437488.0,64.07035209319223,0.30904462622574586,6.1732477529731975,0.02123552146863868,6.210364387241809,0.012801749815313457,6.19826692258858,0.017224602439430418,6.194826897973343,0.008060861494658246,0.04300701427063268,5.952918469160186,44.98350945107009,0.8109443480837868,0.15486407221624812,-2.0092579220717988,0.928087230987518,61.9890606307306,10.68736073843397,803661.7344947834,1.1512393258354312,4.6324608299146695,241909.933827952,60.46298826820572,8.23841455313276,516941.848746378,2.264309371334806,2.322456713869351,210926.1689210701,0.0,0.0
48,,2437589,,,,,,,,,,,,,,,,33.0,2437589.0,46.196399426323175,2.4351544857125687,4.5086743462179575,0.03685694270494205,4.582376558737231,0.010372668278614008,4.51644117821791,0.018076656713076462,4.538611657400762,0.007350607827975927,0.02768422813757764,4.387990333241449,32.696723839775586,0.6417124439985287,0.07945316997823544,-2.0742048610280093,1.0698713000834614,45.32880344165789,10.655482155374619,1880441.1065164346,1.1916847332030582,1.3298745513695789,318872.1573868702,44.37495312974843,7.607894342871082,-1625784.8096408925,1.233469483485865,1.6902558353350323,1139022.3681570129,0.0,0.0
49,,2437653,,,,,,,,,,,,,,,,34.0,2437653.0,73.65389580460767,3.8767847749638396,7.024630762331992,0.018513170974955504,6.978210385992782,0.01553369731074603,6.984608001949979,0.01799300157294176,6.944136869474622,0.00577402284874025,0.04600821747725636,6.703461584678477,50.739414237203846,0.9244027197041048,0.10937082002936588,-2.7352671123562526,0.946073176798942,70.58575085741323,7.261027344664353,523777.5762892476,0.7600126342259328,1.6514711932604955,142127.998262907,69.00377569367322,13.856489711603658,238444.5780786327,2.444406512743761,2.5342227486478164,48694.528983755496,0.0,0.0
50,,2437698,,,,,,,,,,,,,,,,35.0,2437698.0,30.33600745228282,1.5976049484486932,3.7368768426038588,0.03277597165547215,3.742100300037922,0.012854258943868992,3.6668320191327393,0.026544616615964682,3.6330110789030514,0.008398309899276334,0.032471440341132383,3.546358754666729,22.123329754046306,0.6332661543919684,0.06099738206992791,-1.7758999897749297,0.2544102296465613,28.07933794307969,7.594611636462157,-21139634.680848733,0.8730765780858637,1.117715874934571,2952310.321247207,29.48396949897837,8.334058794674824,8211271.760476992,1.6367480010219568,1.6088683005884186,2302214.555835985,0.0,0.0
51,,2437781,,,,,,,,,,,,,,,,36.0,2437781.0,84.92430858574969,4.976624450234352,7.807103585846008,0.02992028586837006,7.775357164929553,0.019164410846792882,7.747725784323151,0.06533956551473312,7.6818538117959525,0.021808559994662424,0.054852920898342115,7.501307437354756,64.42027308274328,1.0696621630429064,0.095853085453118,-2.189943729288845,0.5525875983120611,74.56934241074978,15.387652646227302,-49673.58693931998,10.370611703403153,14.078542832662787,121121.70741266545,75.90082846440197,12.389574932944706,50473.227686225655,3.6850551937655496,6.652133704167352,22069.945645597287,0.0,0.0
52,,2437805,,,,,,,,,,,,,,,,38.0,2437805.0,31.54516022493002,0.4811182634104434,3.81781402333395,0.02083948887324766,3.785074810759679,0.010443649383348994,3.5850299415355438,0.026654542298674425,3.6595205867306833,0.014657564473071944,0.04335062546460981,3.5262162665768484,22.54126176498548,0.5622616113107064,0.07823283505646067,-2.177390578438626,0.395805122282608,29.29449413168889,6.217561464253137,-16616656.186181553,0.8703328098123757,2.7463925646712184,4006488.5127285933,32.47923232033573,6.762553211268361,11292191.96811586,1.099618364911201,1.122466882901871,1848275.9520960543,0.0,0.0
53,,2437933,,,,,,,,,,,,,,,,40.0,2437933.0,108.08881860756466,15.161481347269065,9.29019881046399,0.049253381131322375,9.281593176433926,0.029705891538723137,9.358012554541666,0.02349245681976861,9.336728142757464,0.04360027650023286,0.009004984780496427,9.230205752509338,77.76592593616925,1.2598971036169502,0.1964412869336104,-2.4743778142643515,0.6431017147205155,104.302815711409,10.633648808772968,36476.94155646249,2.0586137765393384,3.817639319839992,46365.27499295673,104.23748549506054,10.585195057474113,29520.51193173821,2.868629156232369,3.4550497685004244,11250.094336057336,0.0,0.0
54,,2437957,,,,,,,,,,,,,,,,41.0,2437957.0,93.90299606768136,0.6146867881010595,8.511032491056767,0.029592801868491645,8.462839769942434,0.02088214869653516,8.514610757069661,0.02635777364711556,8.504317480799518,0.02143707129192862,0.049396954677078685,8.214087490211794,70.09004420069769,1.1046360764256846,0.1059521912770387,-2.294529223442592,0.8142095006498659,89.74632869303757,10.253355462877717,113930.7646052958,2.257236241707973,2.995482803931967,226116.9707611363,92.80365006218183,8.941048358865526,141528.32367893332,1.4302541825061383,4.534708583233557,31556.538969411587,0.0,0.0
55,,2437972,,,,,,,,,,,,,,,,43.0,2437972.0,84.24351320668133,0.5598150029249969,7.849126426905588,0.024142819909310567,7.886404608794487,0.012887728337918238,7.83895954284398,0.01277278994684583,7.863206824631801,0.01575430260659214,0.03563887258301252,7.601546276620812,56.734788217569005,1.0602262896900498,0.20102525617786945,-2.561946895966845,0.8590874079707588,82.05757573915909,11.8130481948929,-213248.60963736745,1.7692680715561149,3.1470076414710704,70024.80453278866,78.40442768094496,14.001988375172193,-137909.76875481044,4.607920671048959,3.667120803013664,65598.48043502035,0.0,0.0
56,,2437976,,,,,,,,,,,,,,,,44.0,2437976.0,89.7644275835314,1.4259308428563011,8.145852503719933,0.011010864254653576,8.181037372173531,0.02897219483958138,8.13731948459138,0.01276974683089493,8.13736018634744,0.008397442461153553,0.06224395758875498,7.804980681584808,67.25431463525639,1.10262422739369,0.1650248231052852,-2.0800112418496783,0.5526527733107349,85.0660010309192,12.004538811397392,-80184.96290986822,1.5621037367632695,1.7470615415107458,13619.079606576854,84.96738979963006,11.902763304463491,-39932.31778537976,3.2474402306533268,3.8254016408768656,29413.20132865685,0.0,0.0
57,,2437987,,,,,,,,,,,,,,,,45.0,2437987.0,30.587792410183287,2.3996724941766194,3.7525022134868378,0.027506758324108448,3.7466752964163232,0.012114205827083129,3.6754586984308943,0.021507355985244447,3.6394633165679564,0.008111363282693544,0.03272654065951785,3.5506672879804864,22.22967958852386,0.5618653797313584,0.08968735202229525,-1.784144778181188,0.6731772982809601,28.343815678220057,7.97594870034685,-14984856.130402975,1.3191716595018996,1.8155590589859227,3141529.5504571367,29.49601098502265,7.1554708001263805,10202893.06486177,1.509657432621752,1.711341529589968,8541581.704346074,0.0,0.0
58,,2438038,,,,,,,,,,,,,,,,46.0,2438038.0,62.21408476942326,2.67916753888491,6.190766482047915,0.034162799418586444,6.178040714236937,0.01578479365157716,6.10198701260191,0.016246549324779685,6.07619522156992,0.006884010807108396,0.05231408946242938,5.8111842779701055,44.110412757718656,0.8235977882540979,0.1907315990679495,-2.237574347001706,0.8937920436294735,60.91984560867942,8.25780196936476,-1467191.3737741252,1.1510095569382353,3.3670529548111787,486093.02876846865,62.096200195374244,9.315311250713409,594570.483522239,1.0880048710952626,2.0977658038065017,368255.4129513407,0.0,0.0
59,,2438140,,,,,,,,,,,,,,,,48.0,2438140.0,81.72512884661627,7.671231163989647,6.752132974468522,0.02307177620518534,6.7328978290800965,0.023339451420458224,6.754422346900362,0.023394646629796376,6.759122109792209,0.008443132136086965,0.04930435696804192,6.488111011679409,55.10562511417453,0.9116340730754224,0.06886910540448031,-2.125048448693096,0.7371258716365348,68.50371699249528,9.708672242953467,600996.1457811865,0.8579420475144912,3.0836888576644714,164109.92871646894,68.7641533671811,9.640161229950968,389641.4741038103,1.0750069576046326,3.7231999950318935,123751.72463418398,0.0,0.0
60,,2438333,,,,,,,,,,,,,,,,49.0,2438333.0,60.114982273117285,0.27247977112607324,6.098986011992206,0.022470257295759855,6.057978310844011,0.012673046829713198,6.057671158832733,0.01970228129597641,6.021949333294491,0.006628868730857936,0.05267353964109507,5.6892068983989015,43.79729759768321,0.8298211041770216,0.14035471771770974,-2.1176842980737605,0.8923567434566422,58.80230461106119,8.311500565386853,-1864927.1642769119,1.1627139988892137,2.6641621996342613,358024.17761023884,58.96298272161466,7.368960332757081,-1233793.2161513837,1.2079860560816102,4.092872635862615,332719.5391153487,0.0,0.0
61,,2436944,,,,,,,,,,,,,,,,50.0,2436944.0,30.928313442835,3.1176178692666583,3.671390315740913,0.04806252977217556,3.7097490858085904,0.011375493832874443,3.635926287789274,0.027435369060018092,3.646972446648337,0.01013611639702097,0.030574201697437745,3.4958033446827708,18.676794951145645,0.5064689008138092,0.0875025913245524,-1.5761768501525557,0.9714736723818416,29.295951701070233,7.679128187174827,8689971.57417683,1.1354216443320604,1.4004935056359715,2050793.8342716484,29.85730178001023,2.5479487412364383,5844189.814110693,1.4708974496916207,1.4853146669052226,8258619.691064639,0.0,0.0
62,,2569618,,,,,,,,,,,,,,,,53.0,2569618.0,65.2419876988455,5.527156320117174,5.6462564088958445,0.026245629682338914,5.708327991830722,0.012403926254564804,5.629427830517223,0.019126193516764832,5.644164570847101,0.00816296206070748,0.059141603791078176,5.2929341901092055,40.601029440322606,0.7898375550131647,0.12533402098274316,-1.8827102468233343,0.978275597257708,51.72028409175561,10.798341764362917,-1407424.0569013213,1.151369190694124,1.6332817718528938,239191.83376527426,53.031650078071216,8.769268033161527,-1175054.4850757802,1.3925597315437883,1.830659619486192,298666.26603968587,0.0,0.0
63,,2570094,,,,,,,,,,,,,,,,56.0,2570094.0,83.25660920221192,6.514286210412316,6.500760035403492,0.020895225890336887,6.538263676816494,0.017107906711003297,6.460788819040339,0.011670392029257943,6.429539337612447,0.007334598741837895,0.029327995187037506,6.362412410372803,53.10268148051932,0.8930935167766378,0.13781260384815303,-2.3679273867009143,0.7691925509470463,65.63990610116883,8.301653184470732,-912304.7139117008,0.7862693028744381,2.179378398429923,245078.11611635648,66.45487709726824,11.091746336512484,-443972.7759648785,1.4800149534000138,2.096772496088078,113298.31823405814,0.0,0.0
64,,2570172,,,,,,,,,,,,,,,,57.0,2570172.0,74.60218457067309,0.20501498041417104,7.088013403947888,0.017274227251201226,7.178091668700827,0.027352981872865282,7.074697871141487,0.02045118567751478,7.05874607696836,0.008075832464779258,0.0853551593442172,6.667185000244771,57.726927677815645,0.9990572825760252,0.16016773794534495,-2.1704380274393955,0.5385591780645231,73.47334481154353,11.169632356834764,-257901.107776385,1.9085549960483168,2.465161955311077,52527.16173386612,69.4694218926683,11.256708778492843,-201589.22677256953,3.5679543661029283,5.0584120222553315,58886.0924552834,0.0,0.0
65,,2436954,,,,,,,,,,,,,,,,58.0,2436954.0,30.47377427272009,2.389274421505508,3.596232213783304,0.03289278268734603,3.6258902422282766,0.014495935276669975,3.5934973088018385,0.036671257380502385,3.620657086193788,0.017324832576907968,0.019263050795181515,3.5524086281310847,22.23618471129364,0.5173654951110365,0.03046214790975386,-1.4794444942347291,0.8147936933432932,20.905262949059857,11.34419759763533,55172897.13927084,3.7562461982447273,2.3863764757038277,20531511.253703184,26.474524875454296,1.9509630453069,68494689.77907756,0.6487328860007769,0.6689525060571401,38106877.2683644,0.0,0.0
66,,2570244,,,,,,,,,,,,,,,,59.0,2570244.0,105.61222967667656,2.1579186437577742e-05,9.158972484301238,0.023239908875523588,9.153481578010226,0.02750972300920236,9.159143892591764,0.021959676831776045,9.173844712125122,0.01094463256182308,0.06872856714294139,8.807046547754727,76.34953789208784,1.2073669813594992,0.10245578372989368,-2.4661821427687878,0.2983601160783613,99.5914118496479,14.929461080650025,55250.895468537004,2.9550358599099087,3.0929570104160784,12063.25895150984,102.11122264770249,15.245696584602756,35162.35584102929,5.725266904720392,4.950183308136196,12332.744970988697,0.0,0.0
67,,2570384,,,,,,,,,,,,,,,,60.0,2570384.0,72.02408760503111,6.96512231507432,6.393108713369418,0.031200461781929537,6.4553863557703055,0.025512526965960226,6.268078867232884,0.07439104093825724,6.245402139319996,0.012228043295347456,0.08947232738791525,5.9165515569313225,45.956386196937345,0.8535198145517742,0.11234726243221656,-2.162828967324482,0.7756423507042288,40.79903342453802,23.622653910125145,1394245.1022163955,6.2981210721699,4.668105993279321,4773997.102112705,57.890475396508926,10.39956932476374,-1385832.4401043388,2.691600472572353,3.787221449133752,1670247.6391136304,0.0,0.0
