,ID,Numax,Numax_err,Dnu_median_all,Dnu_median_all_err,Dnu_lin_all,Dnu_lin_all_err,Dnu_median,Dnu_median_err,Dnu_lin_m,Dnu_lin_m_err,q0,q1,q2,d02,d02_err,lw,lw_err,Amax,Aw,Ah,Amax_err,Aw_err,Ah_err,Amax2,Aw2,Ah2,Amax2_err,Aw2_err,Ah2_err
0,2297384,30.252909830680707,0.29464393214089885,3.7545985627449845,0.03756245910830682,3.762600287457813,0.008519431308909947,3.6641312758143876,0.025260813983399015,3.6895039885784042,0.011511311824969433,0.04339154066566307,3.54652382249826,22.40683800368885,0.5426680321110453,0.08499099707197642,-1.7582078705100783,0.466976666540556,29.01163316896669,6.889277789000346,20209356.131095313,0.9042289173097975,0.9073329550342893,18359199.251907725,29.256803449079182,4.9007717837311535,29706182.279224917,0.7176708160908205,0.9855241354890735,7037609.638312712
1,2297825,30.82468872757029,0.7906133377220605,3.7637506241050946,0.029086749854491268,3.787700935822615,0.010415413543111943,3.735923281462968,0.020791163433012728,3.7271966748712457,0.009284500914168093,0.03899626435827962,3.5919493905603757,22.59272284859925,0.5829330526170917,0.09806672661806166,-1.866203582881935,0.6526293014661741,28.710213975652927,6.570742920208054,-19875265.752008494,0.7939177816734683,1.153204358669388,6750205.001854669,29.911108952707856,5.956421120721076,17697320.85579682,0.7870380799019975,0.7731450222692156,4834895.597760549
2,2435987,36.81361512870068,2.234592585219373,4.247358788055674,0.023328114461856182,4.211273369276045,0.009127217871092892,4.169966989951899,0.013200850836517874,4.138878504144553,0.007000559029460963,0.032738797225559724,3.981490747361985,25.557895796990366,0.5943563375789118,0.09281128530265088,-2.5004778344234406,0.7774400491327639,35.287176367324804,6.544031440349473,-11563429.602508243,0.9350800768709822,2.2684405998894,2373372.4829652086,36.17720970853816,7.7308015393087945,-6384668.8196065985,0.83062031060548,0.9557293177785712,5994093.892242713
3,2436097,41.837229792279466,1.939067534099168,4.510901636753276,0.0207199809038615,4.49663617524687,0.01590244377386964,4.459079981901741,0.017871760085374746,4.442677562185118,0.014862455347196633,0.016323051032409375,4.398016218451852,31.885059873381202,0.6331148628215857,0.09351486066361835,-1.952248449841632,0.7739685005786693,38.38154023723639,7.3543028589364265,-6438754.875146779,1.0988160256749269,2.7127619210583607,1382389.7155808734,39.163484301275886,7.778384259704321,-4111325.1475750078,1.1712263554279903,1.918481881218374,937202.0437884447
4,2436209,56.29481994752543,2.730466455376755,5.778232338115256,0.04324249967267886,5.764464781043847,0.015925898711656183,5.60083480231452,0.025622638007708254,5.581985085433412,0.007800083708104274,0.04719395006601442,5.43574747078013,40.966966001200674,0.7769272353471308,0.13727890145083152,-2.0295583261727126,0.48983795088298887,51.79866629179727,12.150958288902599,-1395809.3473488777,1.631718350654026,2.2098960388126887,204520.2026719952,55.163771345762015,6.387916832823549,-1702657.5934462762,1.2003268503545341,5.944916258042094,513599.5973455292
5,2436332,27.805222121985725,1.0565300053741098,3.3391990417379276,0.0292707333697766,3.3349842202095537,0.007465686172796574,3.349951816232153,0.020330212434663264,3.354118362878442,0.008116760941893316,0.024883923853764766,3.1615612874673147,17.19969052533571,0.47133922891886115,0.07117864689962071,-2.5734375868217905,0.8675333735417674,27.95216463126421,4.442394898773729,42639125.72644508,0.6319065054392979,0.9185636507941676,10593271.02806414,26.804757340150502,4.776274557192252,27510509.58116866,0.7979400898134537,1.1058077587994162,11106396.656063525
6,2436417,26.531257711810063,0.5468808355169756,3.415862409351039,0.025283303993192868,3.402108179329006,0.00992160019216711,3.400708678356917,0.024458679314279263,3.353858760047774,0.008090734108051958,0.029941601157199373,3.2514240580182734,20.23339838764433,0.48745151744276427,0.07232027248418728,-2.21352534338933,0.7408028137964249,26.385192278795863,4.856119909137608,27547164.023743473,0.6040034715926724,1.1194803463905092,14979993.115667827,27.361087742997658,3.832216039013401,28618077.965446085,0.5612381996814131,0.9136220281770774,17611858.041461933
7,2436458,36.55103390232165,1.590508686006939,4.1858614376766745,0.03490316993890321,4.138716468241116,0.012858058454695625,4.092468285124486,0.013442241246567921,4.068553293626999,0.004841584615660157,0.03422209036755014,3.967620808309669,29.205939621902772,0.5712230224154418,0.029005723991927832,-2.717533448374538,0.980226753691158,34.83021817425467,6.675832093920821,-15679794.201413918,0.9566756583765558,1.4869687625848478,3767438.6776985433,35.154666793349996,6.926717752109551,-9128332.2951467,1.186677167198316,1.545023729807825,6336314.175904593
8,2436540,56.93852669581711,0.35777121820586033,5.794666851628882,0.03376375026261706,5.7468118524530585,0.007108375828154804,5.748904650272298,0.02280215334026855,5.752546491296114,0.00800014578697107,0.0370856173874005,5.486424224590605,35.89467179809712,0.7834422123948137,0.11503685613988593,-2.3903153766638896,0.5754992676922893,55.38108828487724,9.921537340440967,1055455.6332908818,1.288913608071376,1.9908359400252273,179015.30369210776,53.20515257311105,9.155918449830814,915899.5893592525,1.6395186002758513,2.134278667754427,223992.5131491919
9,2436593,97.11979828152558,18.056367751145086,9.665436431344958,0.028055467283891425,9.828673448686516,0.04273261618141424,9.626227001784713,0.02224249113155995,9.579309714972158,0.04336758812073432,0.15278315119987138,9.061849360252763,89.36339667740293,1.4009649993126772,0.177810599346584,-2.16746422163551,0.5036374703257536,102.90894833737235,11.025497507484104,-4985.252581269917,3.8051745392657597,5.388571403678551,7424.027930209484,107.52021398911317,11.055685449026615,-5906.817969229941,3.5427697773422127,4.411934896524665,3213.996011219564
10,2436676,133.37752291016022,16.106736283196053,11.280137808482934,0.03545291722826007,11.161525700057284,0.0472000102308835,11.287230764271861,0.021903643058033783,11.308865205256987,0.054720255673540455,0.10651191052337722,10.62779878374646,105.58557042678468,1.4541986121825943,0.21090222560514227,-2.3650175264372884,0.6098669306249693,131.47197984202512,8.843908272476538,2485.1890855935503,1.7403943557822625,3.228779738419709,3686.029453925412,130.29534881936547,10.915542699683488,1751.1122423250913,4.074182226816616,5.764377305779446,2504.333915110565
11,2436688,76.40465513208221,1.6968196214314943,7.220139833386639,0.03673123727238669,7.2257985941918825,0.01923385652588532,7.1862430865500855,0.01761468819588667,7.132563124424378,0.012858845355903056,0.04242520321363709,6.928623084351441,52.29034798490033,0.9610039532269354,0.1656119231745076,-2.266280935377603,0.5543283858321852,73.27590776434806,10.718959728265995,-314297.20565059036,1.2136390996868927,2.112645398220105,155468.98494739123,73.72796747092042,12.228460929059157,224829.84776250058,1.962816275503296,1.9503712590148812,49332.72372635594
12,2436732,30.158543439290515,1.6528163958028563,3.6087990332778954,0.026895869747642787,3.6543688983329896,0.0053674544347208485,3.6064594863567407,0.02220305864313785,3.606653202499789,0.0054998206062230525,0.027243184809535914,3.4633386143951643,18.33681423789438,0.5668048515671309,0.10416892581126788,-2.494166748512301,0.6290837489746615,27.628163413064502,7.645686618571921,12898417.582499832,1.0745211638670005,1.5360269670930196,7836684.011938851,30.589531513210773,3.499918817653322,12677857.644526212,1.4410746977716171,3.0401019265109506,4737152.935207949
13,2436759,31.928282301615113,2.9946011199890767,3.7362169691725775,0.04775856482604412,3.720174437482645,0.01358584103080475,3.7502271617698213,0.049576273474692956,3.7445569212875265,0.014941596314540465,0.04060048706878609,3.516514511219941,22.171246851844217,0.5349057745199861,0.07068228845892648,-1.8472970247064548,0.7590015148073458,30.37348457328401,6.7984631729915685,31720075.718457706,1.6271488563083527,2.1500145576157923,9378011.176147629,27.47955621469685,2.1588007762995565,-22797873.11555468,2.7125919437853656,5.681412923692028,54161982.99484015
14,2436814,24.638828264058287,1.0990223176113518,3.080280611891917,0.013307809838379535,3.0898722866354893,0.008032705049745062,3.0736307227769153,0.009787371931260907,3.039504029266073,0.01483881459958841,0.031029006539724187,2.873531565359041,15.780182713601498,0.45144163742424226,0.0611643986185683,-2.6575781070973843,0.9631333581039154,24.27266988699364,3.5951956092647963,56462978.90015031,0.5255331820078261,0.8644318666834792,19163519.724624712,24.05031886564933,4.496153803216457,-28325302.499009706,0.5892618372462647,1.1286176564934343,85113378.27137664
15,2436818,98.71819106660378,8.3982890199496,8.750652784813475,0.02995242897977954,8.702910061596382,0.0197803107321667,8.75604826141911,0.03467331412561862,8.611871642923505,0.009645288076189026,0.07853020845382724,8.150680784431206,64.51788395229637,1.146196892103731,0.20315839590433452,-2.060979198167645,0.4012263165371067,85.98910971357991,22.55075824791978,24793.02618781614,5.326537811126912,6.165756700108246,9405.011669773916,91.16059197895336,9.73070616917617,40903.26688623546,2.812853076250377,5.14947327561305,16025.730234015682
16,2436824,33.10632838577082,1.0759607398200517,3.899440200531915,0.03103486302526761,3.947793622078813,0.012582820508478382,3.815506233341228,0.01488006706194817,3.814962851513399,0.01786637882097118,0.036303822225136624,3.6950213652192163,26.94090930217859,0.5731404763279144,0.12462574659582887,-1.9400550692642424,0.6804843481811047,33.50172522771611,3.973073931357426,-28523544.23450093,0.5489240972537113,0.8106638509224544,8008566.549261309,33.39876828405892,4.22232531313953,-14813235.274505801,0.4740745154813713,0.9838517768985552,4306511.144903326
17,2436900,34.67642691709119,0.6234081255838704,4.035397380267394,0.019384536503951975,4.014244044140208,0.00635595353320308,3.9931340028385307,0.01741027342869899,3.9870255091980598,0.005786971634156416,0.02809628582670741,3.8454583896193903,24.568483749898824,0.5795701896010002,0.05428477875634183,-2.642261670673742,1.0040430907735058,32.924377565579725,5.694665486642242,-18478894.363163,0.8267009961101675,2.3698324600955143,3585381.980240405,34.57962176359812,6.480510445867922,10365623.123265019,0.9998201548063061,1.2194968124390257,2534930.203306288
18,2436912,29.752400423659672,0.3056972303370735,3.7083421200309665,0.025841928327858126,3.724499476978588,0.012854656134872789,3.697608730649902,0.021265731793614063,3.6831676682798875,0.019395600168352782,0.029595258607510142,3.57756394229824,22.28265155267556,0.5077639436777197,0.04650381334122622,-1.888917191792227,0.6423237473356985,28.98593484521659,5.371984683338214,-26360325.175811447,0.6160661899672362,1.0677433879750133,10929728.094012985,29.927126819930614,5.511609160754652,11941512.67430744,1.130682039702702,1.2083079485280357,3215002.4362608907
19,2437040,24.53424750990498,0.3681705767209253,3.046941898689729,0.011651557770177855,3.019028984471743,0.006764974813334538,3.046431032572391,0.009232591890990793,2.9842126953178134,0.00402070618025671,0.018950809285045358,2.885735168762217,15.462711344618864,0.4224837460661135,0.08496724314092115,-2.8463116344503496,0.9439946636441514,24.2706072624773,4.843789435486829,58526042.916164465,0.6364262237147658,1.054070917828023,21892402.50839538,24.71672188858914,4.81006482885537,40538342.06275953,0.9856080209923317,1.1795289173230101,10106216.739994306
20,2437103,28.227324135423075,1.592907632109856,3.751838145207838,0.03693803340949998,3.748348077519175,0.009120749374849215,3.723187584937188,0.025946513520643557,3.693579778807067,0.010011027816301105,0.023357576888970125,3.5850369380584155,18.510368053046044,0.5992199421151518,0.12133966261266581,-2.2469356949561026,0.5738187766547085,27.836816672996584,7.242796272087617,-13095069.722072262,0.8738518792751626,0.9703310338303172,2469234.1168630356,26.59183163439411,2.814743407245155,-22694113.161888473,0.554552933746618,3.2215817409537753,8018738.476088292
21,2437240,45.1640026945257,0.7066585517932944,4.829520824886366,0.03104850632055703,4.798908851872055,0.01054374091796318,4.780562147667261,0.016481249422371606,4.728179732855047,0.005475368777418425,0.03638853019422531,4.544572472007267,29.761957894556613,0.6661868330208627,0.09638169182951929,-2.3515813336979914,0.8909794212938864,43.48220754297434,8.845139906090193,4263213.615680778,0.9215371596781301,1.4287630599930194,958542.2588702184,42.29441570689784,6.699657213689753,-3298770.8024862064,1.0622732394667427,1.4350332140738613,9479507.050771585
22,2437270,68.16431534595124,4.0959479223427975,6.496617308779264,0.024603023450375173,6.536972875762659,0.023757722869275768,6.497192690403033,0.014211897585774607,6.493089498750221,0.012486572165196677,0.024123059159105613,6.367248782458608,52.99386343475658,0.913327255327637,0.19405893612682523,-1.8561732320605988,0.7437254066518755,66.40670173393183,11.12505116169595,-490070.90375503036,2.2298233844667172,2.109669154804935,118039.43695799004,65.25632825794241,10.288529753597224,-466009.19069219526,1.6730975746056425,4.341601336130535,174635.58017335553
23,2437325,93.86276934448411,2.578494273459355,8.450342781132377,0.023057529735609286,8.36510695784865,0.021310838978968204,8.449426946770693,0.022627019555831435,8.461058980417217,0.011714725320021652,0.10011661726859901,7.664933800721694,62.67082366843159,1.1390515339522693,0.18201053972952314,-2.4054643923850074,0.5742884860496643,89.4056034679699,11.245632688231623,143764.27825949033,2.311529821327242,4.020937780659951,43599.41808528027,90.39788429693947,8.304110951023885,156153.31946986448,2.8811432510569106,6.27412266406011,60889.35239527669
24,2437340,8.139012136900822,0.4600220741827984,1.3634312080250146,0.0071820118488772145,1.3585669351840974,0.007272597042918974,1.339124046060622,0.012515207524798216,1.3405522640616736,0.00808796544309422,0.01732674900952911,1.2889289905566206,6.449422997029067,0.20202695034829787,0.015979757725059274,-3.167682520377707,0.5721581790379774,8.01979335924089,1.2316027643306553,-4335979360.892286,0.20845653940888828,0.3423503923820803,3622538792.5304637,7.878079720874879,2.142015952056344,3522156035.4294043,0.503120122098452,0.7825799189015703,1400970268.954786
25,2437353,31.105151590757465,0.6384742574564566,3.809805179164785,0.02781280532084868,3.819342008305856,0.009131451496069832,3.7614663380707825,0.027638987917024255,3.802830761106021,0.01268593585981341,0.026257130631862823,3.660166292266334,22.655232696028662,0.5728772090625327,0.08419630900440613,-1.8599731127862624,0.6144373655939881,30.550070424483042,6.221267736459331,-16137897.491613157,0.7503960578073013,1.5191288243640482,3361365.8947212994,30.82960093011577,5.9330196236248565,-10054317.934337698,1.3706764287547406,1.6636267636596098,9271543.061156435
26,2437394,160.85036906771444,18.8447998935782,12.886457228286417,0.018591767726631656,12.874093310307504,0.04714753749505996,12.803299084089502,0.030242137678745683,12.762941875759125,0.035967477480462993,0.1092772793485298,12.436875343298496,133.76022167551045,1.7059503009054424,0.1732773376096317,-2.3323085132745733,0.7794447160285212,150.27076281898854,21.232207875276572,705.650872607994,7.290421502792244,11.577384125553547,386.04723454229037,157.3837615946644,13.464146621022259,483.1983411322743,11.38903951247888,9.690794555931378,1330.2027940103885
27,2437402,44.9360162986035,0.4004130188281017,4.834449901264657,0.012920494001045947,4.826657625453498,0.00717133594407667,4.778087743893991,0.01841789591940553,4.704516773709033,0.006238945174477313,0.04576565764588244,4.552577476929812,34.13797147549209,0.6911396713884841,0.06067671816995939,-2.2906678686490705,0.5697257612465508,41.97610585422309,7.72673304279993,-4594077.652874313,0.9247799281053574,2.3212481921154877,687077.5801190997,42.15394143028957,11.259554364166679,-2044130.1171977879,2.299331769344491,3.4999884796181298,1056451.448911761
28,2437444,18.29605892290741,1.4234151786978102,2.423824625055943,0.011191163846241055,2.4355903370260448,0.006096304483614211,2.4196907192219363,0.015048761876034366,2.4062826019224492,0.005574363339661864,0.02386759291276917,2.2923510264133853,12.244571284227792,0.3438898708613678,0.04579255049423086,-3.645076758062865,1.0637787615924963,18.563915946462394,2.4013943832429834,-178305102.80608356,0.46209716271512075,0.5653517726886674,100462882.36674081,18.088810469279515,3.6974402478461434,44100902.61701368,1.004014315112067,1.1986333554343032,130552632.48648475
29,2437488,64.07035209319223,0.30904462622574586,6.173247752973197,0.021235521468638677,6.210364387241807,0.012801749815313457,6.19826692258858,0.01722460243943042,6.194826897973343,0.008060861494658246,0.04300701427063268,5.952918469160186,44.98350945107009,0.8109443480837868,0.15486407221624812,-2.0092579220717988,0.9280872309875181,61.9890606307306,10.68736073843397,803661.7344947834,1.1512393258354312,4.6324608299146695,241909.93382795202,60.46298826820572,8.23841455313276,516941.848746378,2.264309371334806,2.322456713869351,210926.16892107012
30,2437496,5.6371362842243125,0.8305282896083949,0.8560033913687257,0.018513751314638623,0.8519590136691527,0.0070831811653922164,0.854108679805897,0.018373521341942728,0.8515377631573768,0.0069906200680018024,0.019258934004159678,0.7940847482062918,3.9901982120929134,0.1380497299668133,0.009846134315366177,-2.732013954321425,0.39306624167140297,3.3338014724850673,1.352452743551594,38909686659.24454,0.554202183643574,0.5167477706750934,31635597624.25066,4.832036356510571,0.8127729765130868,36502230366.37793,0.16441363030425185,0.21430918150502354,14956069852.803545
31,2437507,19.728395766537247,0.3164122544267717,2.643750264303149,0.01270017531818842,2.6088712209252876,0.006694528558451414,2.5753225304515652,0.012224371971885766,2.5440892712582857,0.0043359416236812155,0.03360906516796029,2.440645592242001,15.494349105771217,0.3704905882868612,0.021785880238994,-2.7911444015253486,0.8040778450167063,20.091681168498567,2.925434284121271,-216540800.7348833,0.3639294003270592,0.6447963576491914,61375724.93859837,20.404540745848877,3.2886936978691743,89576603.76170571,0.4309593001911013,0.7862803608151416,155120157.12948322
32,2437564,31.377424219893346,1.5502063239901618,3.8531870119090543,0.02037477361399392,3.864538140278749,0.011180509703701361,3.7423126407471052,0.02946171734918005,3.7700388109818013,0.012739708543386347,0.0353011598662439,3.6528740757595646,22.790441975272092,0.5495848037609719,0.09547538317671195,-2.1207420506452914,0.5050524832949648,29.5278576005391,7.754791356115387,-18359211.773937635,1.4661074384318107,2.2860205669175646,3389671.7539788396,31.17241435655234,6.739483735500258,-12310308.755784327,1.2935233415992702,1.2601018540474431,33788492.848599665
33,2437589,46.196399426323175,2.4351544857125687,4.508674346217958,0.03685694270494205,4.58237655873723,0.010372668278614007,4.51644117821791,0.018076656713076462,4.538611657400761,0.007350607827975927,0.027684228137577635,4.387990333241449,32.696723839775586,0.6417124439985287,0.07945316997823544,-2.0742048610280093,1.0698713000834614,45.32880344165788,10.65548215537462,1880441.1065164348,1.1916847332030582,1.3298745513695787,318872.1573868702,44.374953129748434,7.607894342871082,-1625784.8096408923,1.233469483485865,1.6902558353350323,1139022.3681570129
34,2437653,73.65389580460767,3.87678477496384,7.0246307623319915,0.018513170974955504,6.978210385992783,0.01553369731074603,6.984608001949979,0.017993001572941765,6.944136869474622,0.00577402284874025,0.04600821747725636,6.703461584678476,50.73941423720384,0.9244027197041049,0.10937082002936588,-2.735267112356253,0.9460731767989421,70.58575085741323,7.261027344664354,523777.5762892476,0.7600126342259328,1.6514711932604957,142127.998262907,69.00377569367322,13.856489711603658,238444.5780786327,2.4444065127437615,2.5342227486478164,48694.528983755496
35,2437698,30.33600745228282,1.5976049484486932,3.736876842603859,0.03277597165547215,3.742100300037922,0.012854258943868992,3.6668320191327393,0.02654461661596468,3.633011078903052,0.008398309899276334,0.03247144034113238,3.5463587546667292,22.123329754046306,0.6332661543919684,0.06099738206992791,-1.7758999897749297,0.25441022964656135,28.079337943079686,7.594611636462156,-21139634.680848733,0.8730765780858637,1.117715874934571,2952310.321247207,29.483969498978368,8.334058794674824,8211271.760476992,1.6367480010219568,1.6088683005884186,2302214.555835985
36,2437781,84.92430858574969,4.976624450234352,7.807103585846008,0.02992028586837006,7.775357164929554,0.019164410846792882,7.747725784323151,0.06533956551473312,7.681853811795952,0.021808559994662424,0.05485292089834212,7.501307437354756,64.42027308274328,1.0696621630429064,0.09585308545311799,-2.189943729288845,0.5525875983120611,74.56934241074978,15.387652646227302,-49673.58693931998,10.370611703403151,14.078542832662789,121121.70741266543,75.90082846440197,12.389574932944704,50473.22768622565,3.68505519376555,6.652133704167351,22069.945645597283
37,2437804,26.30345873611353,1.6927475711697657,3.3633313122376443,0.020973811319116138,3.3001628821505613,0.006609592659074114,3.371344016801917,0.018274012177144663,3.304618005111946,0.009635185792828085,0.03840159604211314,3.1084059041798007,16.66421212338793,0.45841518006399795,0.06326331096118783,-2.2215972566311715,0.4555184739531971,24.57895866128986,6.6839397713205795,43832312.492373735,0.7653174988412862,1.5203204496690126,8018470.162770173,26.782145694616354,7.613133227012108,26067970.17544674,1.9021685192091542,1.847776124783726,5596241.73621107
38,2437805,31.54516022493002,0.4811182634104434,3.81781402333395,0.020839488873247665,3.7850748107596788,0.010443649383348994,3.5850299415355433,0.026654542298674425,3.659520586730684,0.014657564473071944,0.04335062546460981,3.5262162665768484,22.541261764985478,0.5622616113107064,0.07823283505646068,-2.177390578438626,0.395805122282608,29.294494131688893,6.217561464253138,-16616656.186181553,0.8703328098123757,2.7463925646712184,4006488.512728593,32.479232320335726,6.76255321126836,11292191.968115859,1.099618364911201,1.1224668829018707,1848275.9520960546
39,2437816,17.082546067554198,0.6154179219087622,2.356818600367861,0.014169021716431756,2.3369660513805384,0.008036095986952978,2.316899056850575,0.009993680849716476,2.306719586353551,0.003509070900358829,0.0235979253020117,2.195957213953631,11.661436659470844,0.3460603944804159,0.05343490650142258,-3.3939129978967344,0.7060786313601075,17.009964787013146,3.102876658831449,-345367810.46041536,0.5711411791620304,0.9858254484172709,102074893.11257064,18.711027376399635,3.8015167385523476,158313769.0235458,0.5682606688957594,1.1361300191270067,32260417.05088234
40,2437933,108.08881860756466,15.161481347269065,9.290198810463988,0.049253381131322375,9.281593176433926,0.029705891538723137,9.358012554541666,0.02349245681976861,9.336728142757462,0.04360027650023286,0.009004984780496427,9.230205752509338,77.76592593616925,1.2598971036169502,0.1964412869336104,-2.4743778142643515,0.6431017147205155,104.302815711409,10.633648808772968,36476.94155646249,2.058613776539338,3.8176393198399916,46365.27499295673,104.23748549506054,10.585195057474113,29520.511931738212,2.868629156232369,3.455049768500425,11250.094336057336
41,2437957,93.90299606768136,0.6146867881010595,8.511032491056767,0.029592801868491645,8.462839769942434,0.02088214869653516,8.514610757069661,0.02635777364711556,8.504317480799518,0.02143707129192862,0.04939695467707868,8.214087490211794,70.09004420069769,1.1046360764256846,0.1059521912770387,-2.2945292234425914,0.8142095006498659,89.74632869303757,10.253355462877717,113930.7646052958,2.2572362417079734,2.995482803931967,226116.9707611363,92.80365006218184,8.941048358865528,141528.32367893332,1.4302541825061383,4.534708583233556,31556.53896941159
42,2437965,7.6822099944417035,0.2405161066623303,1.2256162482041641,0.01754202228094797,1.235114353221077,0.007266985977339187,1.2546039700928646,0.016141179257388536,1.2348030486204877,0.004728105608355653,0.006510052926324857,1.2095282406974603,4.854016940381282,0.21010096596025463,0.03469069391003661,-3.029411793036195,0.6594634419946088,6.210428926772584,2.916269946869809,7288039265.509513,1.00507575771943,1.1734318392683583,2288800379.398801,6.3589471414418295,1.4345591761437235,5580372315.394585,0.5344548671533964,0.9393516358613019,5668327746.779489
43,2437972,84.24351320668133,0.5598150029249969,7.849126426905588,0.02414281990931057,7.886404608794486,0.012887728337918238,7.83895954284398,0.012772789946845832,7.863206824631801,0.015754302606592135,0.035638872583012515,7.601546276620812,56.73478821756901,1.0602262896900498,0.20102525617786945,-2.561946895966845,0.8590874079707588,82.05757573915909,11.8130481948929,-213248.60963736748,1.7692680715561149,3.1470076414710704,70024.80453278868,78.40442768094496,14.001988375172191,-137909.76875481044,4.607920671048959,3.6671208030136637,65598.48043502035
44,2437976,89.76442758353139,1.4259308428563011,8.145852503719933,0.011010864254653575,8.181037372173531,0.028972194839581383,8.13731948459138,0.01276974683089493,8.13736018634744,0.008397442461153553,0.06224395758875498,7.804980681584808,67.2543146352564,1.1026242273936901,0.1650248231052852,-2.0800112418496783,0.5526527733107349,85.06600103091918,12.004538811397392,-80184.96290986822,1.5621037367632695,1.7470615415107458,13619.079606576854,84.96738979963007,11.902763304463491,-39932.31778537976,3.2474402306533268,3.8254016408768656,29413.20132865685
45,2437987,30.587792410183283,2.3996724941766194,3.7525022134868378,0.027506758324108448,3.7466752964163232,0.012114205827083127,3.6754586984308943,0.021507355985244447,3.639463316567956,0.008111363282693544,0.03272654065951785,3.5506672879804864,22.22967958852386,0.5618653797313584,0.08968735202229525,-1.784144778181188,0.6731772982809601,28.34381567822006,7.9759487003468506,-14984856.130402975,1.3191716595018996,1.8155590589859227,3141529.550457137,29.49601098502265,7.1554708001263805,10202893.06486177,1.509657432621752,1.711341529589968,8541581.704346074
46,2438038,62.21408476942326,2.67916753888491,6.190766482047916,0.034162799418586444,6.178040714236937,0.01578479365157716,6.10198701260191,0.016246549324779685,6.07619522156992,0.006884010807108396,0.05231408946242938,5.8111842779701055,44.11041275771866,0.8235977882540979,0.1907315990679495,-2.237574347001706,0.8937920436294735,60.91984560867942,8.25780196936476,-1467191.3737741252,1.151009556938235,3.3670529548111787,486093.02876846865,62.09620019537424,9.315311250713407,594570.4835222391,1.0880048710952626,2.0977658038065017,368255.4129513407
47,2438051,30.30473897257925,0.10666902573518244,3.6677478642861505,0.03322960003706337,3.6745732838791882,0.006028747200731627,3.626733434337277,0.01910156090529664,3.5846000466014187,0.019429147688435486,0.03756473638316332,3.4117098584623884,18.426332005407204,0.5489135213304763,0.09104559308479639,-2.009910686913326,0.641802447477139,28.465050639583154,5.391742790521302,-20140164.938576277,1.2013955071035634,2.09293536102082,5892234.575627333,27.4995849548921,4.854767106898734,7580333.122710029,3.858315565846903,4.589557102967667,5390223.461488976
48,2438140,81.72512884661627,7.671231163989647,6.752132974468523,0.02307177620518534,6.7328978290800965,0.023339451420458224,6.754422346900363,0.023394646629796376,6.759122109792209,0.008443132136086965,0.04930435696804192,6.488111011679409,55.10562511417452,0.9116340730754224,0.06886910540448031,-2.1250484486930956,0.7371258716365348,68.50371699249528,9.708672242953469,600996.1457811866,0.8579420475144912,3.083688857664471,164109.92871646894,68.7641533671811,9.640161229950966,389641.47410381027,1.0750069576046326,3.7231999950318935,123751.72463418398
49,2438333,60.11498227311729,0.27247977112607324,6.098986011992206,0.022470257295759858,6.057978310844011,0.012673046829713198,6.057671158832733,0.01970228129597641,6.02194933329449,0.006628868730857936,0.05267353964109507,5.689206898398901,43.79729759768321,0.8298211041770216,0.14035471771770977,-2.1176842980737605,0.8923567434566422,58.80230461106119,8.311500565386853,-1864927.164276912,1.1627139988892135,2.6641621996342613,358024.17761023884,58.96298272161466,7.368960332757081,-1233793.2161513837,1.2079860560816102,4.092872635862615,332719.5391153487
50,2436944,30.928313442835,3.1176178692666583,3.671390315740913,0.04806252977217556,3.7097490858085904,0.011375493832874443,3.6359262877892746,0.02743536906001809,3.646972446648336,0.01013611639702097,0.030574201697437742,3.4958033446827708,18.676794951145645,0.5064689008138092,0.0875025913245524,-1.5761768501525555,0.9714736723818417,29.29595170107023,7.679128187174827,8689971.57417683,1.1354216443320604,1.4004935056359715,2050793.8342716484,29.857301780010232,2.5479487412364383,5844189.814110693,1.4708974496916207,1.4853146669052226,8258619.691064639
51,2569055,30.141183702069497,1.6421664192138652,3.751784797157689,0.021999122708352394,3.746273727339055,0.01390298319396809,3.6814823611143304,0.03633702229304113,3.736707892207451,0.017339049443495867,0.040295762403489435,3.504863238928934,22.098278209361673,0.5599862205299146,0.06926442606463881,-1.8760161386497212,0.56124853157937,30.469994257621288,8.250956509189745,10918628.3050178,1.3599333261752984,1.4183511626637946,2536519.92842525,30.5154566036079,4.371823319106519,-14735382.005619481,1.2257990911516294,1.7292572959842356,8171089.57808477
52,2569360,20.8334835343876,0.9119514774856852,2.762901147569073,0.01449571816041137,2.7426225236835258,0.0060426487575295515,2.7160261818591636,0.015320745338423812,2.678157027021931,0.004925339789133817,0.021855853649981962,2.5898089883481106,13.702306691383857,0.4003005731838023,0.07664857743375895,-2.5511996693277323,0.8797001989592401,20.685564191609256,4.2218902926447,-142769532.9814326,0.7051448846468513,1.4931202662582115,44955449.27489456,20.89117873707085,4.4480733901139695,49265898.531508625,1.1568255416321396,1.1886690345330064,101228037.24139516
53,2569618,65.2419876988455,5.527156320117174,5.6462564088958445,0.026245629682338914,5.708327991830721,0.012403926254564804,5.629427830517223,0.01912619351676483,5.644164570847101,0.00816296206070748,0.05914160379107818,5.2929341901092055,40.60102944032261,0.7898375550131647,0.12533402098274316,-1.8827102468233345,0.9782755972577079,51.72028409175561,10.798341764362917,-1407424.0569013213,1.1513691906941241,1.6332817718528938,239191.83376527426,53.03165007807121,8.769268033161527,-1175054.4850757802,1.3925597315437883,1.830659619486192,298666.26603968587
54,2569935,6.122419537010452,0.7662134062751148,0.999038184182204,0.01316565607889836,0.9916849340990496,0.004629027994866248,0.9953630414754162,0.011800128003264687,0.9833102542564869,0.003636975100592401,0.01008999651048437,0.951190717836597,3.7022209691614663,0.1631242460797031,0.025346751554589333,-2.9518668743520124,0.6596952707606517,4.537337355829431,1.2885078356579318,-21793346512.306908,0.40225936655991623,0.7223630559457493,20936220323.92003,5.093462066137485,1.902346968015772,14429862164.908726,0.5939811347499784,0.7049279487930571,4613128147.833983
55,2569945,30.954421069968195,0.1199979750692993,3.7007960021358777,0.03292350490983471,3.7632072533881047,0.008283613057400321,3.6940402818433498,0.021464728121824154,3.7344689783639513,0.006225746106675887,0.0263654458054288,3.5797998008737046,19.00334151236099,0.6016673332201936,0.10625062340601305,-2.1180266661453504,0.89312045649359,28.547251784098115,6.0536742613780135,17131670.016978063,1.0258476045017337,1.4981138404011256,8391135.07955061,30.60237964034546,7.179033624230388,15892161.816535711,1.0315690690137758,1.0861152280264277,2766332.9517734065
56,2570094,83.25660920221192,6.514286210412316,6.500760035403493,0.020895225890336887,6.538263676816494,0.017107906711003297,6.460788819040339,0.011670392029257945,6.429539337612446,0.007334598741837896,0.029327995187037506,6.362412410372803,53.102681480519315,0.8930935167766378,0.137812603848153,-2.3679273867009143,0.7691925509470463,65.63990610116883,8.301653184470732,-912304.7139117008,0.7862693028744381,2.179378398429923,245078.11611635654,66.45487709726824,11.091746336512484,-443972.7759648785,1.4800149534000138,2.096772496088078,113298.31823405816
57,2570172,74.60218457067309,0.20501498041417104,7.088013403947887,0.017274227251201226,7.178091668700828,0.02735298187286528,7.074697871141488,0.02045118567751478,7.05874607696836,0.008075832464779258,0.0853551593442172,6.667185000244771,57.72692767781565,0.9990572825760253,0.16016773794534497,-2.1704380274393955,0.5385591780645231,73.47334481154353,11.169632356834764,-257901.107776385,1.9085549960483168,2.4651619553110775,52527.161733866116,69.4694218926683,11.256708778492845,-201589.22677256953,3.5679543661029283,5.058412022255331,58886.0924552834
58,2436954,30.47377427272009,2.3892744215055077,3.5962322137833036,0.03289278268734603,3.6258902422282766,0.014495935276669977,3.5934973088018385,0.03667125738050239,3.620657086193788,0.01732483257690797,0.019263050795181515,3.5524086281310847,22.23618471129364,0.5173654951110365,0.03046214790975386,-1.4794444942347291,0.8147936933432932,20.90526294905986,11.344197597635333,55172897.13927084,3.756246198244727,2.3863764757038273,20531511.253703184,26.474524875454296,1.9509630453068998,68494689.77907756,0.6487328860007769,0.6689525060571401,38106877.2683644
59,2570244,105.61222967667656,2.1579186437577742e-05,9.158972484301238,0.023239908875523588,9.153481578010226,0.027509723009202357,9.159143892591764,0.021959676831776045,9.173844712125124,0.01094463256182308,0.06872856714294139,8.807046547754727,76.34953789208785,1.207366981359499,0.10245578372989367,-2.4661821427687873,0.29836011607836127,99.5914118496479,14.929461080650022,55250.895468537,2.9550358599099087,3.092957010416079,12063.25895150984,102.11122264770249,15.245696584602754,35162.35584102929,5.7252669047203915,4.950183308136195,12332.744970988697
60,2570384,72.02408760503111,6.96512231507432,6.393108713369417,0.03120046178192954,6.4553863557703055,0.025512526965960226,6.268078867232884,0.07439104093825724,6.245402139319996,0.012228043295347456,0.08947232738791525,5.9165515569313225,45.95638619693734,0.853519814551774,0.11234726243221656,-2.162828967324482,0.7756423507042288,40.799033424538024,23.622653910125145,1394245.1022163955,6.2981210721698995,4.66810599327932,4773997.102112705,57.89047539650892,10.399569324763739,-1385832.4401043388,2.6916004725723526,3.787221449133752,1670247.6391136302
61,2570518,46.151382874205865,1.4635002932231411,4.935305165571117,0.012974362986290514,4.893079557788363,0.010804183584335015,4.923202129353282,0.010797611750822628,4.826875474894161,0.007811458730456357,0.03315379504431167,4.695449030285264,30.356063818279207,0.6749773311159117,0.05963488562276116,-2.5927181358637483,0.7423589059310167,44.9193182819826,6.286423072990009,5925794.875309689,0.5705322089089873,1.88312158668726,1949392.8397611645,44.88767173931198,6.7020343425650974,3737792.3147420473,1.0416825912438021,1.5068945730981949,796051.6752227542
